{"eval_exact_match": 78.0321665089877, "eval_f1": 85.73475297130405, "epoch": 3.0}